Titre,Texte intégral,Date,Nom du média,URL,Thème,label
Clôture de la première session ordinaire de l’année législative: Discours du président Marcel Niat Njifendji,"Accueil » Politique » Clôture de la première session ordinaire de l’année législative: Discours du président Marcel Niat Njifendji
En clôturant la première session ordinaire de l’année législative 2025 du Sénat, le président Marcel Niat Njifendji a notamment rendu hommage aux douze militaires camerounais tués lors de l’attaque terroriste menée par des éléments de Boko Haram.
• Le président de l’Assemblée nationale,
• Le Premier ministre, chef du gouvernement,
• Le président du Conseil constitutionnel,
• Le juge en chef de la Cour suprême et le procureur général de la Cour suprême,
• Le ministre délégué à la présidence en charge des relations avec le Parlement,
• Distingués membres du gouvernement,
• Vos Excellences, Chefs des missions diplomatiques et Représentants d’Organisations internationales
• Honorables députés,
• Distingués invités,
• Mesdames et Messieurs,
Merci pour avoir répondu présent à cette cérémonie de clôture de la première session ordinaire du Sénat pour l’année législative 2025.
Avant tout, je voudrais honorer la mémoire de quelque 12 (douze) soldats, tombés sur le champ de bataille lors d’une attaque terroriste, il y a quelques jours, contre un avant-poste de la force multinationale mixte (FMM) de la Commission du Bassin du lac Tchad, dans le quartier nigérian de Wulgo.
À cet effet, je vous invite gentiment à vous lever pour une minute de silence.
(Une minute de silence)
Merci.
• Mesdames et Messieurs,
• Chers collègues du sénateur,
En rendant hommage à la bravoure et à la bravoure de nos forces de défense et de sécurité, qui accomplissent pleinement leur mission de protection de l’intégrité du territoire national et de son peuple, je voudrais vous rappeler que loin de nous décourager, ce triste événement et toutes autres attaques similaires devrait plutôt renforcer notre détermination à lutter comme un seul pour la préservation de la paix dans notre pays et de son intégrité territoriale.
À mes collègues sénateurs et à tous les acteurs politiques présents ici aujourd’hui, je voudrais vous rappeler votre devoir lié face à la violence et à la haine sous toutes leurs formes.
En réalité, le contexte politique particulier dans lequel nous vivons actuellement appelle à l’unité de tous ceux qui détestent le chaos et ; au-delà de nos différentes idéologies, notre responsabilité commune est de garantir la stabilité de nos institutions, car la stabilité institutionnelle est le fondement de la confiance, de la force ainsi que les moyens nécessaires à la croissance et au développement de notre pays.
Loin de tous les extrêmes, nous devons apporter tout notre soutien au président de la République dans tous ses efforts pour répondre aux attentes des camerounais en termes de bien-être et de justice sociale. Dans ce contexte, nous devons nous efforcer d’unité et de stabilité, de bon sens et de concorde afin de pouvoir, à tous les niveaux, réunir les camerounais qui veulent vivre ensemble en paix.
Guidé par cette quête du bien-être de tous, le président de la République a déposé devant le Parlement des projets de loi qui témoignent de son choix de renforcer le multilatéralisme pour un Cameroun qui restera toujours plus ouvert sur le monde.
Avec la ratification des accords sur la suppression réciproque de l’obligation de visa pour les détenteurs de certains passeports ainsi que des conventions sur l’élimination de la double imposition, nous attendons donc une augmentation remarquable du volume des échanges avec nos anciens et nouveaux partenaires économiques et, finalement, une véritable stimuler notre croissance économique, grâce à la facilité avec laquelle les voyages officiels seront effectués.
Dans le cadre de cette politique d’ouverture et au-delà de la diversification des partenaires, la croissance de l’économie nationale et l’amélioration des conditions de vie des populations dépendent de plusieurs autres facteurs.
En réalité, le nouvel élan que le chef de l’État et son gouvernement entendent donner à notre pays appelle aussi à la protection de l’environnement et à la prévention de tous types de risques, notamment ceux liés au développement des biotechnologies.
La ratification de l’accord-cadre de coopération avec le Nigéria sur la conservation des écosystèmes transfrontières et la gestion durable des ressources forestières et fauniques ainsi que l’adoption du projet de loi régissant la prévention des risques biotechnologiques au Cameroun sont certainement conformes à cette politique, et j’exhorte le gouvernement à redoubler d’efforts dans sa quête constante pour améliorer les conditions de vie de notre peuple.
• Mesdames et Messieurs,
• Chers collègues du sénateur,
Au niveau du Parlement, la participation active d’une délégation de la Chambre haute aux délibérations de la 150e Assemblée de l’Union interparlementaire (UIP) à Tachkent (Ouzbékistan), un forum mondial de dialogue, s’inscrit dans notre soutien actif au multilatéralisme prôné et défendu par le président de la République, Son Excellence Pa",Publié : 10 Avr 2025 à,actu cameroun,https://actucameroun.com/2025/04/10/cloture-de-la-premiere-session-ordinaire-de-lannee-legislative-discours-du-president-marcel-niat-njifendji/,Thème non disponible,positive
"Mort en décembre 2024,  les obsèques du  chef Baboné auront lieu le 19 avril 2025","Accueil » Politique » Mort en décembre 2024, les obsèques du chef Baboné auront lieu le 19 avril 2025
Dans le texte qui va suivre, le journaliste camerounais Wiliam Tchango vante les 36 ans de règne de ce monarque qui a marqué de son temps, notamment, avec  plusieurs réalisations pour son peuple.
Le Chef Baboné que j’ai connu
Sa Majesté Tchualieu II Fansi Théodore avait des qualités humaines exceptionnelles.  J’ai eu le privilège de le cotoyer à plusieurs moments de mon parcours, non sans être marqué à chaque fois par l’amour incommensurable qu’il manifestait pour le village dont il avait la lourde charge de diriger mais aussi pour tous ses filles et fils à travers le monde.
L’unité,  l’épanouissement et le rayonnement des filles et fils Baboné valaient plus que tout à ses yeux et il ne ménageait aucun effort pour impulser et/ou soutenir toute initiative allant dans le sens de la promotion du Développement et de la   visibilité de son royaume.
Le projet du Festival culturel Ntee-Ntukwa qu’il avait pensé et réalisé la première édition avec le concours de tous les babonés à travers le monde en 2017, est l’un des symboles marquants de cette  dynamique nouvelle qui lui tenait à cœur.
Les nombreux challenges,  batailles et combats justifiés ou non qui auront rythmé ses 36 années de règne ne lui ont assurément pas rendu l’exercice aisé. Les enseignements nombreux et la sagesse qu’il a tirés de ces tribulations lui ont permis, avant son départ pour le moins inattendu,  de poser les bases d’une réconciliation profonde et durable entre ses enfants répartis à travers la Planète.
Comme tout être humain,  il avait aussi des défauts. D’ailleurs,  il n’avait jamais voulu se faire passer pour un Saint. Mais il savait,  avec une humilité plutôt rare chez les monarques, reconnaitre ses erreurs, ses fautes et solliciter le pardon.
Il est clair que la douleur de son départ ne s’estompera pas de sitôt. Mais il serait important, pour honorer et célébrer sa mémoire, de réserver un accueil des plus chaleureux et dignes  à celui qu’il aura choisi pour continuer son œuvre-il sera connu à l’issue de ses obsèques prévues  le samedi 19 avril 2025, de le protéger et de l’accompagner de manière honnête, sincère et désintéressée.
Votre adresse e-mail ne sera pas publiée. Les champs obligatoires sont indiqués avec *
Adresse de messagerie *
Je veux me inscrire à la Newsletter!
Recevez désormais tous les jours, l'essentiel de l'actualité camerounaise et africaine dans votre boîte mail.",10 Avr 2025,actu cameroun,https://actucameroun.com/2025/04/10/mort-en-decembre-2024-les-obseques-du-chef-babone-auront-lieu-le-19-avril-2025/,Thème non disponible,positive
Affaire Diane Yangwo : Shanda Tonme exprime sa colère au juge Medou Dany L’OR,"Accueil » Politique » Affaire Diane Yangwo : Shanda Tonme exprime sa colère au juge Medou Dany L’OR
A Mme MEDOU DANY L’OR
Juge au tribunal de grande instance du Wouri
EN MEMOIRE DE DIANE YANGWO
Femme, mère de famille, citoyenne et victime sacrificielle
de trop d’une perversion judiciaire qui n’a fait que profaner sa sépulture
Certaines larmes ne cessent jamais, certains crimes ne s’oublient jamais, certains criminels ne passent jamais inaperçus, et certains cris finissent toujours par être entendus, conduisant des gens sales et infectes pour la société à rendre compte, à subir enfin les punitions divines trop longtemps retardées ou étouffées. Un homme assassine la mère de ses enfants, la fille d’autrui, et il est laissé libre. C’est quoi ça ?
Ce qui caractérise dorénavant notre société, c’est le sentiment d’une profonde impunité, secrétée non pas par de pauvres et insaisissables maigrichons de vandales baptisés microbes, mais d’avantage par des gens bien d’en haut, de la classe des respectés et respectables, en col blanc ou en toge, en robe ou en costume noir, étalant avec ostentation, leurs privilèges, pouvoirs et prérogatives sataniques.
Quoi qu’il advienne après, et quoi que vous en pensez, je veux donner de la voix, élever le ton, transgresser certaines limites de l’outrage, pour vous exprimer ma suprême colère. A ceux qui s’interrogent sur votre féminité, votre statut d’être humain, votre sens du devoir, de l’éthique et de la morale, je voudrais dire un seul mot : patience, le diable existe et il a un visage d’ange, il est parmi nous, partout.
Je ne vous accuserai pas d’avoir tué une femme, une mère de famille, une compatriote et un être humain qui aspirait à vivre en paix dans une famille avec mari et enfants. Je ne vous traiterai pas de diable, de criminelle, de magistrat insensée ou encore de sorcière, mais je ne vous défendrai pas si d’autres le font. Vous avez brisé tant de cœurs, souillé tant d’espoirs et trahi la profession, compromis l’image du système judiciaire, vandalisé les canons du droit. C’est une grave effraction contre l’éthique et l’humanité, contre votre quiétude et le destin de votre famille, contre la république. La haute trahison n’est jamais loin, et les sentences cruelles qui illuminent et éclairent les souillures qui se cachent sous la robe de certains magistrats, n’ont point besoin d’alerte ni de tambours pour révéler l’identité des mains ensanglantées, des plumes maléfiques et des méchancetés cousues de mille haines, de corruptions et de trahisons.
Demain c’est bientôt, et après-demain c’est au bout de la nuit et de la rue. Nul n’échappera à la sentence des vengeurs, et nul ne méconnaîtra son bilan, tant les tribunaux populaires que nous travaillons à éviter, seront sans aucune pitié. Parce que vous avez décidé de tuer une deuxième fois Diane Yangwo, je vous fais le salut des fascistes, en vous décernant la palme de l’insouciance, de la provocation, de l’humiliation et de l’injure de l’ensemble à l’endroit de la société, dans votre ardeur à profaner la mémoire de votre sœur.
Mais au plus profond, il restera les interrogations lancinantes : pourquoi sommes-nous devenus si méchants et si irresponsables ? Pourquoi aspirons-nous de plus en plus, à donner une image d’anarchie à notre pays et à secréter partout des injustices ? Quand de la hauteur de vos responsabilités et sous les secrets de votre robe noire, votre toge, vous faites ce que vous avez fait, que reste-il véritablement de la république, de l’Etat, des institutions, de l’humanité tout court au Cameroun ? Il m’est revenu que vous n’avez aucun remords, mais j’assume en vous disant, que demain et après-demain, seront des rivières de remords. A tous ceux qui comme vous, ont fait le choix de l’anarchie, de la corruption et du désordre, je n’ai qu’un seul message : Je vous pardonne, car c’est le diable qui a guidé vos actes et qui guide vos pas.
Puisse la mémoire de Diane Yangwo ainsi que celles de toutes les autres, les martyrs de son genre, reposer en paix.
N’ayez crainte de rien, ce sont votre être, votre genre, votre caractère et votre espèce qui sont en vedette. Je respecte tout cela, et vous présente mes excuses par anticipation, si vous avez ressenti de l’offense dans mes propos. Je n’ai fait que parler mon cœur. Le Cameroun est à construire et non à détruire, nous conseille le président Paul Biya, mais j’ai la ferme conviction que vous, vous la détruisez, sciemment.
Avec ma fraternelle et sincère considération./.
Yaoundé, le 10 Avril 2025
voila le cameroun que paul biya veux nous laisser
Votre adresse e-mail ne sera pas publiée. Les champs obligatoires sont indiqués avec *
Adresse de messagerie *
Je veux me inscrire à la Newsletter!
Recevez désormais tous les jours, l'essentiel de l'actualité camerounaise et africaine dans votre boîte mail.",10 Avr 2025,actu cameroun,https://actucameroun.com/2025/04/10/affaire-diane-yangwo-shanda-tonme-exprime-sa-colere-au-juge-medou-dany-lor/,Thème non disponible,negative
Paul Biya : « notre République est une et indivisible »,"Accueil » Politique » Paul Biya : « notre République est une et indivisible »
Depuis quelques semaines, Paul Biya a lancé une communication intensive sur les réseaux sociaux. L’actuel locataire d’Etoudi multiplie des messages d’appel à l’unité des Camerounais. Ce jeudi, le président de la République rappelle que le Cameroun est un et indivisible.
« La nation camerounaise, telle que je la conçois et que je l’incarne, est et demeure au carrefour de l’un et du multiple : notre République est une et indivisible », écrit Paul Biya.
Appelé par les militants du Rassemblement démocratique du peuple camerounais (RDPC) à se présenter à la présidentielle de 2025, Paul Biya entretient toujours le flou sur sa décision. Alors que la pression militante s’accentue à l’approche de ce scrutin crucial pour l’avenir du Cameroun, le Chef de l’Etat a fait une sortie le 1er avril dernier, qui laisse libre champ à l’interprétation.
« Notre action constante a consisté et consiste surmonter les divisions artificielles créées par la colonisation, à décoloniser les mentalités, à transcender le passé colonial pour construire et consolider, avec les Camerounais et pour les Camerounais, le Cameroun qui va debout et jaloux de sa liberté« , a écrit le président Biya.
Une sortie qui selon certains, est une entrée en campagne, et qui confirme par ailleurs, l’ambition de Paul Biya de briguer un nouveau mandat à la tête du Cameroun, pays qu’il dirige depuis plus de quatre décennies. À 92 ans, Biya est le candidat naturel du parti au pouvoir à cette élection.
LÂCHE-NOUS!!  VAS-T-EN, CRÊVE!!!!
Le CAMEROUN berceau de nos ancêtres comme l’a ci bien dit notre Cher et Grand Président de la République du Cameroun S.E PAUL BIYA est et restera indicible et personne ne le ferais et ne le pourrait.. Que la France et tous ces alliés prennent du recule… Nous ne voulons plus ces soient disant colons et leur colonies françaises d Afrique comme monnaie… Fini le dogmatisme…Abat le colonialisme… Moi personnellement je soutiens le mon Président SE PAUL BIYA car sa vision et ses choix sont miennes….
Humour camerounais 🤣🤣🤣🤣🤣
Je croirais à ce fainéant et paresseux beti – bulu de biya paul le jour où il mettra ses pieds mabongo au NoSo.
Le pauvre mabongo beti – bulu avec ses deux pieds gauches!
Les Camerounais veulent un président qui visite ses grands chantiers comme le Stade d’Olembé ou l’autoroute Ydé – Dla personnellement et régulièrement comme ailleurs et non un président fainéant et paresseux qui construit 60 km de l’autoroute Ydé – Dla en 12 ans.
Les Camerounais veulent un président qui visite le Cameroun profond plusieurs fois par an et non un cancre mabongo beti – bulu qui visite une seule région du pays qu’il dirige en 10 ans, juste pour une campagne électorale de 7 minutes.
Les Camerounais ne veulent plus d’un président beti – bulu tchop broke pot qui n’assiste à aucun sommets des Chefs d’états Africains comme le font systématiquement tous les présidents.
Les Camerounais veulent un président qui préside les conseils des ministres comme partout ailleurs et non un idiot beti – bulu qui ne connaît même pas ses ministres.
Repose en paix biya paul
Ça c’est votre politique M. Le président.  Dès que vous partez,  nous allons diviser cet assemblage hétéroclite et mal attifé. Nous en avons marre.
Votre adresse e-mail ne sera pas publiée. Les champs obligatoires sont indiqués avec *
Adresse de messagerie *
Je veux me inscrire à la Newsletter!
Recevez désormais tous les jours, l'essentiel de l'actualité camerounaise et africaine dans votre boîte mail.",10 Avr 2025,actu cameroun,https://actucameroun.com/2025/04/10/paul-biya-notre-republique-est-une-et-indivisible/,Thème non disponible,positive
Niger: Franklin Nyamsi reçu par le général Tiani,"Accueil » Politique » Niger: Franklin Nyamsi reçu par le général Tiani
Franklin Nyamsi est de retour à Niamey. A la tête d’une importante délégation de l’Institut de l’Afrique des Libertés basé à Bamako au Mali, Dr. Franklin Nyamsi a été reçu par le président nigérien, le général Abdourahamane Tiani. Si aucun détail n’a filtré sur les dessous des discussions, l’universitaire a salué un « grand moment de réflexions et de convergences au service de la libération et de la souveraineté africaine ».
Franklin Nyamsi a remis au Chef de l’Etat nigérien un exemplaire de l’ouvrage « L’IMPÉRIAL TERRORISME », dédié aux Chefs d’Etat de l’AES. Ce fervent défenseur de la cause souverainiste des pays de l’AES et du panafricanisme animera ce jeudi à l’espace Mahatma Gandhi de Niamey, une conférence dédicace de son nouvel ouvrage.
Ce n’est pas la première fois que le Franco-camerounais a été reçu en audience au Niger. Il avait échangé à maintes reprises avec le général Tiani depuis la prise de pouvoir de l’armée nigérien suite au coup d’Etat contre Mohamed Bazoum en juillet 2023.
Voila un vraie camerounais Panafricaniste , qui travail pour le devenir de notre continent , pas ceux la qui passent leur temps a agresser les diplomates e n France , je veux parler de la BAS-MRC.
Nyamsi, la bonne charité commence par soi-même. Tu as fais quoi pour le Cameroun ? Nous voici en pleine préparation des élections cette 2025, mais tu es plutôt au Sahel. Tu vas changer l’Afrique sans changer ton pays natal le Cameroun ?
Partisant de KAMTO pourquoi vous n’empecher pas vos enfants d’aller au CANADA si la bonne charite commence par soit meme??
Il est libre de s’installer la ou bon lui semble……
votre bonne charite ne s’applique qu’au autre, lorsque le faux journaliste d’equinoxe vont en occident , vous ne dites rien…….bande de salopards
Ce n’est pas lui qui a changé ces pays. Cest leur peuple. Ce peuple n’est pas composé  d’amorphes et de sardinards comme les camerounais. Nyamsi les soutient tout simplement sans leur combat.
Surtout pas de traitre Merci Mama qui baise avec leur genitrice pour devenir riche
C’est le KAMEROUN qui gagne.
Encore un autre clown chez les apprentis sorciers. après le passage de l’aboyeuse Yamb, et de l »étourdi Kemi,  le théâtre peut continuer.
A dire que ces trois clowns pensent représenter l’intellingencia africaine. Panafricons , sûr ils le sont.
Cet homme est stupide.
Votre adresse e-mail ne sera pas publiée. Les champs obligatoires sont indiqués avec *
Adresse de messagerie *
Je veux me inscrire à la Newsletter!
Recevez désormais tous les jours, l'essentiel de l'actualité camerounaise et africaine dans votre boîte mail.",Publié : 10 Avr 2025 à,actu cameroun,https://actucameroun.com/2025/04/10/niger-franklin-nyamsi-recu-en-audience-par-le-general-tiani/,Thème non disponible,positive
Vincent Sosthène Fouda révèle les coulisses d’un projet politique autour de Marafa,"Accueil » Politique » Vincent Sosthène Fouda révèle les coulisses d’un projet politique autour de Marafa
« Alain Fogué que j’ai rencontré dans une radio de la place, devint un visiteur du soir à mon domicile. Deux à trois fois par semaine il venait me voir et nous prenions notre repas ensemble.
C’est ainsi qu’il me dit qu’il avait parcouru beaucoup de villes du Cameroun et que les populations étaient favorables à Marafa.
Alain Fogué était déjà à la tête d’un parti politique et voulait le transformer en lui trouvant une autre dénomination. Au fil des visites, il introduisit monsieur Emmanuel Okala Ebodé qu’il me présenta comme étant son beau-frère. Il arrivait d’ailleurs que les deux se mettent à parler Eton.
Dans nos échanges, je lui dis que le pays ewondo aura des difficultés à soutenir la candidature du ministre d’Etat Marafa Amidou Yaya car il restait pas mal de choses à solder.
Un jour je reçu le coup de fil du professeur Ekwala Dibotti qui me dit être porteur d’un message du ministre d’Etat Marafa dont il est le beau-frère (Marafa ayant épousé sa soeur). Le professeur Ekwalla vint donc à Yaoundé plusieurs fois me rencontrer et surtout me livrer la teneur du message du ministre d’État.
Le prof. EKWALLA DIBOTTI était un homme élégant et reservé avec lequel j’avais beaucoup de plaisir à échanger.
J’ai eu le temps de cerner le projet qui m’était soumis et d’en discuter avec les miens. Pour Fogué le Ministre d’État Marafa ne devait pas séjourner pour longtemps en prison… mais les choses se sont passées autrement. C’est ainsi qu’un second couteaux fut introduit dans l’équation. Il avait été membre du jury de sa thèse et l’avait recruté à l’université ».
je lui dis que le pays ewondo aura des difficultés à soutenir la candidature du ministre d’Etat Marafa Amidou Yaya car il restait pas mal de choses à solder.
il ne pourra aller faire campagne dans le sud, cette région est le socle granitique RDPICE.
Donc après le roi fainéant ce sera le déluge, comme après les mubutu, les bokassa tout s’est arrêté
vraiment, voila un soi disant intellectuel, l’argument évoqué pour ne pas soutenir un candidat d’une autre région
SUR LE COUP, JE SUIS D’ACCORD AVEC TOI. IL Y A PAS MAL DE FUMISTES QUI SE DISENT HOMMES POLITIQUES ET INTELLECTUELS!!
DES SORCIERS!! Après PAul BIYA, le Cameroun va continuer d’exister bien même!!!
Votre adresse e-mail ne sera pas publiée. Les champs obligatoires sont indiqués avec *
Adresse de messagerie *
Je veux me inscrire à la Newsletter!
Recevez désormais tous les jours, l'essentiel de l'actualité camerounaise et africaine dans votre boîte mail.",10 Avr 2025,actu cameroun,https://actucameroun.com/2025/04/10/vincent-sosthene-fouda-revele-les-coulisses-dun-projet-politique-autour-de-marafa/,Thème non disponible,positive
La jeunesse de la Sanaga maritime jure fidélité à Jean Ernest Massena Ngalle Bibehe et son candidat Paul Biya,"Accueil » Politique » La jeunesse de la Sanaga maritime jure fidélité à Jean Ernest Massena Ngalle Bibehe et son candidat Paul Biya
Cette forte conviction a été réaffirmée par la jeunesse de la Sanaga Maritime au cours d’une audience, ce mercredi 9 avril 2025. Cela a été l’occasion pour cette jeunesse engagée « derrière son patron politique Jean Ernest Massena Ngallé Bibehe et son candidat naturel Paul Biya » de démontrer sa mobilisation.
La délégation était forte des membres des sections OJRDPC de la Sanaga-maritime et des organisations politiques pilotées par le Conseil National de la Jeunesse.
« Cette rencontre fait suite à la double nomination du Ministre des Transports comme Membre titulaire du Comité Central et Chef de la Délégation Permanente Départementale du Comité central du RDPC dans la Sanaga Maritime. Cette visite de courtoisie avait pour objectif de remercier le Président de la République, Président national du Rassemblement Démocratique du Peuple Camerounais (RDPC), Son Excellence Monsieur Paul BIYA, et féliciter le Ministre Jean Ernest Masséna NGALLE BIBEHE pour cette promotion au sein dudit parti politique. Cette rencontre empreinte de convivialité et de réjouissance, a connu la présence du Président national de L’OJRDPC, du membre du Bureau National de l’OJRDPC, des présidents de section de L’OJRDPC de la Sanaga Maritime, du Président du Conseil National de la Jeunesse pour la Sanaga et des jeunes parlementaires dudit département », apprend-on.
L’audience avec le ministre des Transports a été marquée par des échanges empreints de courtoisie au cours desquels la délégation a adressé ses chaleureuses félicitations au MINT pour cette double distinction qui fait l’unanimité au sein de la classe politique.
Les membres de la délégation ont ainsi témoigné de leur soutien indéfectible à son engagement politique et institutionnel en faveur de la jeunesse en particulier. La jeunesse de la Sanaga maritime a aussi adressé ses remerciements au Chef de l’État, Son Excellence Monsieur PAUL BIYA, Président de la République et Président National du RDPC pour la confiance renouvelée envers le MINT, qui devient ainsi le patron politique de ce département.
Ces jeunes fortement mobilisés ont exprimé leurs vœux ardents « de voir le Président Paul BIYA se présenter comme candidat aux prochaines élections présidentielles prévues en octobre 2025, réaffirmant ainsi leur engagement et leur fidélité aux idéaux du renouveau en promettant une pleine victoire à leur Champion. »
De son côté, le ministre Jean Ernest Massena Ngallé Bibehe « a exprimé sa profonde gratitude pour ces marques de soutien et a encouragé la jeunesse à demeurer mobilisée et engagée dans la vie politique nationale. Il a souligné l’importance de leur participation active aux prochaines échéances électorales, en vue de contribuer au développement continu du Cameroun sous la conduite éclairée du Président PAUL BIYA. Une série de meeting sera d’ailleurs organisée dès le vendredi 11 avril 2025 par les onze (11) sections RDPC que compte le département de la Sanaga maritime en prélude au méga meeting de remerciement prévu après l’installation des membres récemment nommés au sein du RDPC. »
L’audience a pris fin après la lecture par la délégation de jeunes d’une lettre de remerciement à l’endroit du Président de la République.
Le RDPC de Paul Biya est rempli de menteurs.
En 43 ans, Paul Biya n’a fait que mentir, voler, tuer et appauvrir le peuple.
Paul Biya n’aime pas le Cameroun
Paul Biya déteste les Camerounais
La preuve, il fuit les régions Anglophones, il fuit la région du Nord, il fuit le peuple.
C’est un homme vaniteux, désordonné et mauvais pour l’avenir du Cameroun.
Un vote contre le RDPC est un vote très utile pour un meilleur avenir
Un meilleur avenir pour le Cameroun.
1. Je vote le MRC
2. Je vote pour l’avenir du Cameroun
3. Je vote pour l’évolution du Cameroun
4. Je vote le MRC
Votre adresse e-mail ne sera pas publiée. Les champs obligatoires sont indiqués avec *
Adresse de messagerie *
Je veux me inscrire à la Newsletter!
Recevez désormais tous les jours, l'essentiel de l'actualité camerounaise et africaine dans votre boîte mail.",10 Avr 2025,actu cameroun,https://actucameroun.com/2025/04/10/la-jeunesse-de-la-sanaga-maritime-jure-fidelite-a-jean-ernest-massena-ngalle-bibehe-et-son-candidat-paul-biya/,Thème non disponible,positive
Cavaye Yéguié Djibril annonce le baptême du « Palais de Verre Paul Biya » pour le 25 avril prochain,"Accueil » Politique » Cavaye Yéguié Djibril annonce le baptême du « Palais de Verre Paul Biya » pour le 25 avril prochain
Le rendez-vous est fixé pour le 25 avril prochain. L’infrastructure, fruit de la coopération sino-camerounaise et qui porte le nom du président Paul Biya va officiellement être baptisé.
« (…) Il me plait d’informer la Représentation Nationale et l’opinion, qu’après la cérémonie d’inauguration le 30 novembre 2024, l’Assemblée Nationale organise le 25 avril prochain, la cérémonie de baptême du « Palais de Verre Paul Biya » », a annoncé Cavaye Yéguié Djibril lors de son discours.
Le président de l’Assemblée nationale compte faire de cette cérémonie de baptême un évènement sans distinction de partis politiques.
« Cette cérémonie nous interpelle, surtout nous les représentants du peuple et sans distinction de chapelle politique. Il me plait également d’annoncer que dans le processus de gestion du nouvel édifice et d’autres, j’ai crée au sein de mon cabinet une direction des Palais avec pour mission de veiller à la maintenance de ce complexe. Ceci nous interpelle également tous car, élus, personnels et usagers nous devons tout faire afin d’éviter quelque dégradation que ce soit du Palais de verre PAUL BIYA », a indiqué Cavaye Yéguié Djibril.
Ce sont sur ces mots et ce rendez-vous fixé que le président Cavaye Yéguié Djibril a officiellement clôturé la première session ordinaire de notre Chambre pour l’année législative 2025.
TOUT CA SERA CHANGE APRES LE 25 OCTOBRE PAUL BIYA QUI A RUINE LE CAMEROUN NE MERITE RIEN DE CE GENRE
Le RDPC de Paul Biya est rempli de menteurs.
En 43 ans, Paul Biya n’a fait que mentir, voler, tuer et appauvrir le peuple.
Paul Biya n’aime pas le Cameroun
Paul Biya déteste les Camerounais
La preuve, il fuit les régions Anglophones, il fuit la région du Nord, il fuit le peuple.
C’est un homme vaniteux, désordonné et mauvais pour l’avenir du Cameroun.
Un vote contre le RDPC est un vote très utile pour un meilleur avenir
Un meilleur avenir pour le Cameroun.
1. Je vote le MRC
2. Je vote pour l’avenir du Cameroun
3. Je vote pour l’évolution du Cameroun
4. Je vote le MRC
Votre adresse e-mail ne sera pas publiée. Les champs obligatoires sont indiqués avec *
Adresse de messagerie *
Je veux me inscrire à la Newsletter!
Recevez désormais tous les jours, l'essentiel de l'actualité camerounaise et africaine dans votre boîte mail.",10 Avr 2025,actu cameroun,https://actucameroun.com/2025/04/10/cavaye-yeguie-djibril-annonce-le-bapteme-du-palais-de-verre-paul-biya-pour-le-25-avril-prochain/,Thème non disponible,positive
Vincent Sosthène Fouda explique comment le Mrc a été créé pour servir de porte étendard à Marafa,"Accueil » Politique » Vincent Sosthène Fouda explique comment le Mrc a été créé pour servir de porte étendard à Marafa
En 2012, le MRC fut créé pour servir de rampe de lancement au ministre d’État Marafa Amidou Yaya. J’ai à cette occasion reçu à plusieurs reprises Alain Fogué et le prof Diboti beau-frère du ministre d’État.
Alain Fogué que j’ai rencontré dans une radio de la place, devint un visiteur du soir à mon domicile. Deux à trois fois par semaine il venait me voir et nous prenions notre repas ensemble.
C’est ainsi qu’il me dit qu’il avait parcouru beaucoup de villes du Cameroun et que les populations étaient favorables à  Marafa. Alain Fogué était déjà à la tête d’un parti politique et voulait le transformer en lui trouvant une autre dénomination. Au fil des visites, il introduisit monsieur Emmanuel Okala Ebodé qu’il me présenta comme étant son beau-frère. Il arrivait d’ailleurs que les deux se mettent à parler Eton.
Dans nos échanges, je lui dis que le pays ewondo aura des difficultés à soutenir la candidature du ministre d’Etat Marafa Amidou Yaya car il restait pas mal de choses à solder.
Un jour je reçu le coup de fil du professeur Ekwala Dibotti qui me dit être porteur d’un message du ministre d’Etat Marafa dont il est le beau-frère (Marafa ayant épousé sa sœur). Le professeur Ekwalla vint donc à Yaoundé plusieurs fois me rencontrer et surtout me livrer la teneur du message du ministre d’État.
Le prof. EKWALLA DIBOTTI était un homme élégant et réservé avec lequel j’avais beaucoup de plaisir à échanger. J’ai eu le temps de cerner le projet qui m’était soumis et d’en discuter avec les miens. Pour Fogué le Ministre d’État Marafa ne devait pas séjourner pour longtemps en prison… mais les choses se sont passées autrement. C’est ainsi qu’un second couteau fut introduit dans l’équation. Il avait été membre du jury de sa thèse et l’avait recruté à l’université.
Les chindas de Biya sont dehors pour essayer de grappiller du grain pour Biya, le grand bandit.
Le RDPC de Paul Biya est rempli de menteurs.
En 43 ans, Paul Biya n’a fait que mentir, voler, tuer et appauvrir le peuple.
Paul Biya n’aime pas le Cameroun
Paul Biya déteste les Camerounais
La preuve, il fuit les régions Anglophones, il fuit la région du Nord, il fuit le peuple.
C’est un homme vaniteux, désordonné et mauvais pour l’avenir du Cameroun.
Un vote contre le RDPC est un vote très utile pour un meilleur avenir
Un meilleur avenir pour le Cameroun.
1. Je vote le MRC
2. Je vote pour l’avenir du Cameroun
3. Je vote pour l’évolution du Cameroun
4. Je vote le MRC
Si j’ai compris tu as été sage de rester fidèle au RDPC.
Je vote pour le changement
Votre adresse e-mail ne sera pas publiée. Les champs obligatoires sont indiqués avec *
Adresse de messagerie *
Je veux me inscrire à la Newsletter!
Recevez désormais tous les jours, l'essentiel de l'actualité camerounaise et africaine dans votre boîte mail.",10 Avr 2025,actu cameroun,https://actucameroun.com/2025/04/10/vincent-sosthene-fouda-explique-comment-le-mrc-a-ete-cree-pour-servir-de-porte-etendard-a-marafa/,Thème non disponible,positive
Ngaoundéré : tolérance zéro au désordre pour la Fête du Travail 2025,"Accueil » Politique » Ngaoundéré : tolérance zéro au désordre pour la Fête du Travail 2025
Au cours de la réunion préparatoire de la 139e Journée internationale du travail qui a eu lieu ce mercredi à Ngaoundéré, cette résolution a été prise suite à la lecture d’un rapport faisant état de plusieurs désordres enregistrés lors de la précédente édition.
Selon la déléguée régionale du Travail et de la Sécurité sociale, Ngo Djon Rose Mireille épouse Babari, les difficultés rencontrées comprenaient notamment l’indiscipline était observée dans l’ordre de passage et le défaut d’enregistrement. Il a été constaté que certaines entreprises avaient refusé de s’enregistrer à l’avance. Cette situation avait engendré des perturbations.
Pour éviter de retomber dans les mêmes travers cette année, le Secrétaire général a assuré qu’un train de défilé sera remis aux forces de l’ordre qui n’hésiteront pas à recourir aux mesures coercitives pour garantir l’ordre pendant la célébration.
Il en sera de même pour ceux qui fréquentent les débits de boissons situés à proximité de la place des fêtes et qui, après avoir consommé de l’alcool, provoquent des troubles lors du défilé. De tels comportements seront proscrits afin d’éviter tout désordre en présence du gouverneur, représentant l’institution.
La 139e édition de la Fête Internationale du Travail aura lieu au Cameroun sur le thème « Dialogue social et travail décent pour un Cameroun serein ».
Le RDPC de Paul Biya est rempli de menteurs.
En 43 ans, Paul Biya n’a fait que mentir, voler, tuer et appauvrir le peuple.
Paul Biya n’aime pas le Cameroun
Paul Biya déteste les Camerounais
La preuve, il fuit les régions Anglophones, il fuit la région du Nord, il fuit le peuple.
C’est un homme vaniteux, désordonné et mauvais pour l’avenir du Cameroun.
Un vote contre le RDPC est un vote très utile pour un meilleur avenir
Un meilleur avenir pour le Cameroun.
1. Je vote le MRC
2. Je vote pour l’avenir du Cameroun
3. Je vote pour l’évolution du Cameroun
4. Je vote le MRC
Votre adresse e-mail ne sera pas publiée. Les champs obligatoires sont indiqués avec *
Adresse de messagerie *
Je veux me inscrire à la Newsletter!
Recevez désormais tous les jours, l'essentiel de l'actualité camerounaise et africaine dans votre boîte mail.",9 Avr 2025,actu cameroun,https://actucameroun.com/2025/04/09/ngaoundere-tolerance-zero-au-desordre-pour-la-fete-du-travail-2025/,Thème non disponible,negative
Nomination de Monique Ouli Ndongo au Conseil constitutionnel : Nkongho Felix Agbor exprime ses inquiétudes,"Accueil » Politique » Nomination de Monique Ouli Ndongo au Conseil constitutionnel : Nkongho Felix Agbor exprime ses inquiétudes
Par décret daté du mardi 8 avril, le président Paul Biya a nommé Monique Ouli Ndongo au Conseil constitutionnel. Elle est nommée pour un mandat de six ans, éventuel renouvelable une fois. Figure politique au Cameroun et membre titulaire élue du comité central du RDPC en 2011, Monique Ouli Ndongo a été sénatrice du RDPC en 2013 et 2018.
La nomination de celle qui vient numériquement remplacer Emmanuel Bondé, décédé le 3 janvier à Yaoundé, suscite des inquiétudes au sein de l’opinion. Pour l’avocat et défenseur de droits humains, Nkongho Felix Agbor, cette nomination jette du discrédit sur la haute institution.
En tant que fervent défenseur de la démocratie, de la justice et de l’État de droit au Cameroun, j’exprime ma profonde préoccupation concernant la nomination de Monique Ouli Ndango, membre du Rassemblement démocratique du peuple camerounais (RDPC), au Conseil constitutionnel.
Le Conseil constitutionnel joue un rôle essentiel dans le respect de la Constitution de notre pays, la garantie des droits des citoyens et l’intégrité de nos processus électoraux. Cette institution exige les plus hautes normes d’impartialité et d’indépendance pour fonctionner efficacement et gagner la confiance du peuple camerounais.
Nommer une personnalité politiquement engagée à un poste aussi crucial soulève de sérieuses questions quant à la neutralité du Conseil et risque d’éroder la confiance du public dans nos institutions démocratiques. À l’heure où les Camerounais, en particulier nos jeunes et nos femmes, aspirent à de véritables réformes et à une plus grande responsabilisation, cette décision envoie un message erroné.
Notre démocratie a besoin d’institutions libres de toute influence politique, guidées par l’intégrité et engagées au service de l’intérêt général.
J’appelle donc à :
1. Des réformes institutionnelles urgentes pour préserver l’indépendance du Conseil constitutionnel. 2. Des processus de nomination transparents et fondés sur le mérite, privilégiant la compétence à l’appartenance politique.
3. Un engagement national renouvelé en faveur de l’État de droit, du constitutionnalisme et de la séparation des pouvoirs.
Le Cameroun mérite des institutions qui reflètent la volonté du peuple, et non les intérêts d’une élite politique. Nous devons continuer à défendre un système démocratique où la justice prévaut et où chaque citoyen peut avoir confiance en l’équité de nos processus.
Levons-nous pour défendre l’avenir de notre démocratie.
Hahaha ils vont te dire qu’ils ne sont plus du parti.
Cette  fois-ci ça sera madame « IRREVOCABLE »
Peut-être ce sera l »élément qui va faire déborder le vase
On nomme les proches du RDPC pour tricher et flouter les Camerounais, nessa ?
Le RDPC de Paul Biya est rempli de menteurs. C’est une mafia.
En 43 ans, Paul Biya n’a fait que mentir, voler, tuer et appauvrir le peuple.
Paul Biya n’aime pas le Cameroun
Paul Biya déteste les Camerounais
La preuve, il fuit les régions Anglophones, il fuit la région du Nord, il fuit le peuple.
C’est un homme vaniteux, désordonné et mauvais pour l’avenir du Cameroun.
Un vote contre le RDPC est un vote très utile pour un meilleur avenir
Un meilleur avenir pour le Cameroun.
1. Je vote le MRC
2. Je vote pour l’avenir du Cameroun
3. Je vote pour l’évolution du Cameroun
4. Je vote le MRC
Moi je vote pour ne plus voir cet homme égoiste.
A 93 ans , il ne veut même pas laisser sa place à un jeune de son parti.
Votre adresse e-mail ne sera pas publiée. Les champs obligatoires sont indiqués avec *
Adresse de messagerie *
Je veux me inscrire à la Newsletter!
Recevez désormais tous les jours, l'essentiel de l'actualité camerounaise et africaine dans votre boîte mail.",9 Avr 2025,actu cameroun,https://actucameroun.com/2025/04/09/nomination-de-monique-ouli-ndongo-au-conseil-constitutionnel-nkongho-felix-agbor-exprime-ses-inquietudes/,Thème non disponible,positive
